Year,Total Population
1960,3.034971e+09
1970,3.684823e+09
1980,4.436590e+09
1990,5.282716e+09
2010,6.924283e+09
2000,6.115974e+09